<?xml version="1.0" encoding="UTF-8"?>
<?xml-stylesheet type="text/xsl" href="../../../../../../../../../languagetool-core/src/main/resources/org/languagetool/rules/print.xsl" title="Pretty print"?>
<?xml-stylesheet type="text/css" href="../../../../../../../../../languagetool-core/src/main/resources/org/languagetool/rules/rules.css" title="Easy editing stylesheet"?>
<!--
German Easy-to-Read rules ("Leichte Sprache") for LanguageTool.
See resource/de/tagset.txt in German module for the meaning of the POS tags.

Copyright (C) 2011-2013 Annika Nietzio

This library is free software; you can redistribute it and/or
modify it under the terms of the GNU Lesser General Public
License as published by the Free Software Foundation; either
version 2.1 of the License, or (at your option) any later version.

This library is distributed in the hope that it will be useful,
but WITHOUT ANY WARRANTY; without even the implied warranty of
MERCHANTABILITY or FITNESS FOR A PARTICULAR PURPOSE. See the GNU
Lesser General Public License for more details.

You should have received a copy of the GNU Lesser General Public
License along with this library; if not, write to the Free Software
Foundation, Inc., 51 Franklin St, Fifth Floor, Boston, MA 02110-1301, USA

-->
<!DOCTYPE rules [
        <!ENTITY anfauf "„|»|›|‚">
        <!ENTITY anfzu "‘|“|‹|«">
        <!ENTITY anf "&anfauf;|‘|“|‹|«">
        <!ENTITY klamauf "\(|\{|\[|&lt;">
        <!ENTITY klamzu "\)|\}|\]|&gt;">
        <!ENTITY klam "&klamauf;|&klamzu;">
        ]>

<rules lang="es" xmlns:xsi="http://www.w3.org/2001/XMLSchema-instance"
       xsi:noNamespaceSchemaLocation="../../../../../../../../../languagetool-core/src/main/resources/org/languagetool/rules/rules.xsd">

   <category id="LECTURA FÁCIL" name="Lectura Fácil" default="on">    

            <!-- 6.1. Pautas y recomendaciones relacionadas con la ortotipografía. 

-->

        <rule id="PUNTO Y COMA" name="Lectura Fácil: 7.punto y coma">
         <pattern>
          <token>;</token>
         </pattern>
         <message>No se debe utilizar el punto y coma (;).</message>
         <example correction=''>sin embargo<marker>;</marker></example>
         <example>sin embargo,</example>
        </rule>

        <rule id="SIGNOS" name="Lectura Fácil: 8.signos poco habituales">
         <pattern>
          <token regexp='yes'>%|^|/</token>
         </pattern>
         <message>Se debe evitar el uso de paréntesis,corchetes y signos ortográficos poco habituales (%, /, \,...</message>
         <example correction=''><marker>%</marker></example>
        </rule>


        <rulegroup id="ETCÉTERA Y PUNTOS SUSPENSIVOS" name="Lectura Fácil: 9.etcétera y puntos suspensivos">


            <rule id="ETCÉTERA" name="Lectura Fácil: 9.etcétera">
             <pattern>
              <token regexp='yes'>etcétera|etc.</token>
             </pattern>
             <message>No se debe utilizar etcétera, ni los puntos suspensivos (...). Se puede sustituir por entre otros, y muchos más y otras frases similares.</message>
             <suggestion>entre otros</suggestion>
             <example correction='entre otros'><marker>etcétera</marker></example>
             <example>entre otros</example>
            </rule>


            <rule id="PUNTOS SUSPENSIVOS" name="Lectura Fácil: 9.puntos suspensivos">
             <pattern>
              <token>.</token>
              <token>.</token>
              <token>.</token>
             </pattern>
             <message>No se debe utilizar etcétera, ni los puntos suspensivos (...). Se puede sustituir por entre otros, y muchos más y otras frases similares.</message>
             <example correction=''><marker>...</marker></example>
             <example>entre otros</example>
            </rule>


        </rulegroup>
        <!-- 6.2. Pautas y recomendaciones relacionadas con el vocabulario y las expresiones. 
-->


        
    <rulegroup id="ADVERBIOS -MENTE" name="Lectura Fácil: 7.adverbios terminados en -mente">
         
        <rule id="adverbios terminados en 'amente' ">
         <antipattern>
            <token regexp='yes'>completamente|absolutamente|anteriormente|totalmente</token>
         </antipattern>       
         <pattern>
          <token regexp='yes' postag='RG'>.+amente</token>
         </pattern>
         <message>Se deben evitar los adverbios terminados en -mente.</message>
         <suggestion>de manera <match no="1" regexp_match="(?iu)amente$" regexp_replace="a" case_conversion="preserve"/></suggestion>
         <example correction='de forma clara'>Él habla <marker>claramente</marker>.</example>
         <example>Él habla claro.</example>
        </rule>

        <rule id="adverbios mente terminados en 'mente' ">
         <pattern>
          <token regexp='yes' postag='RG'>.+[^a]mente</token>
         </pattern>
         <message>Se deben evitar los adverbios terminados en -mente.</message>
         <suggestion>de manera <match no="1" regexp_match="(?iu)mente$" regexp_replace="" case_conversion="preserve"/></suggestion>
         <example correction='de forma fácil'>Él habla <marker>fácilmente</marker>.</example>
         <example>Él habla de manera fácil.</example>
        </rule>

        <rule id="completamente, absolutamente, totalmente">
         <pattern>
            <token regexp='yes'>completamente|absolutamente|totalmente</token>
         </pattern>
         <message>Se deben evitar los adverbios terminados en -mente. En este caso concreto se recomienda eliminar la palabra "completamente".</message>
         <suggestion> </suggestion>
         <example correction=''>receta <marker>completamente</marker> diferente</example>
         <example>receta diferente</example>
        </rule>


    </rulegroup>


    <rulegroup id="SUPERLATIVOS" name="Lectura Fácil: 8.superlativos">
        <rule id="SUPERLATIVOS de adjetivos que terminan en 'o' y 'a">
            <antipattern>
                <token regexp='yes'>grandísimo|grandísima|elegantísimo|elegantísima</token>
            </antipattern>
            <pattern>
                <token postag='AQAMS0|AQAFS0' postag_regexp='yes'></token>
            </pattern>
            <message>No utilices verbos superlativos. Es recomendable añadir el adverbio "muy" al adverbio o adjetivo.</message>
            <suggestion>muy <match no="1" regexp_match="(?iu)(.*)ísim([oa]s?)" regexp_replace="$1$2"/></suggestion>
            <example correction=''>El coche es <marker>grandísimo</marker>.</example>
            <example>El coche es muy grande.</example>
            <example correction=''>La casa es <marker>pequeñísima</marker>.</example>
            <example>La casa es muy pequeña.</example>
        </rule>

        <rule id="SUPERLATIVOS 'grande'">
            <pattern>
                <token regexp='yes'>grandísimo|grandísima</token>
            </pattern>
            <message>No utilices verbos superlativos. Es recomendable añadir el adverbio "muy" al adverbio o adjetivo.</message>
            <suggestion>muy grande</suggestion>
            <example correction='muy grande'>El coche es <marker>grandísimo</marker>.</example>
            <example>El coche es muy grande.</example>
        </rule>

        <rule id="SUPERLATIVOS 'elegante'">
            <pattern>
                <token regexp='yes'>elegantísimo|elegantísima</token>
            </pattern>
            <message>No utilices verbos superlativos. Es recomendable añadir el adverbio "muy" al adverbio o adjetivo.</message>
            <suggestion>muy elegante</suggestion>
            <example correction='muy grande'>El traje es <marker>elegantísimo</marker>.</example>
            <example>El traje es muy elegante.</example>
        </rule>



    </rulegroup>

       <!-- La norma 11.ABREVIATURAS, se ejecuta a partir del diccionario en abreviaturas.py -->


        <!-- La norma 12.SIGLAS, se ejecuta a partir del diccionario en siglas.py -->

        <rulegroup id="SENTIDO FIGURADO" name="Lectura Fácil: 15.sentido figurado">
           <rule> 
                <pattern>
                    <token>un</token>
                    <token>ojo</token>
                    <token>de</token>
                    <token>la</token>
                    <token>cara</token>
                </pattern>
                <message>Se debe evitar el uso de enunciados con sentido figurado. (frases hechas o refranes, ironías, metáforas o semejantes).</message>
                <suggestion>mucho dinero</suggestion>
                <example correction='mucho dinero'>El libro cuesta <marker>un ojo de la cara</marker>.</example>
                <example>El libro cuesta mucho dinero.</example>
            </rule>


            <rule>
                 <pattern>
                          <token min="0">hasta</token>
                          <token>por</token>
                          <token>los</token>
                          <token>codos</token>
                 </pattern>
                 <message>Se debe evitar el uso de enunciados con sentido figurado. (frases hechas o refranes, ironías, metáforas o semejantes).</message>
                 <suggestion>mucho</suggestion>
                 <suggestion>un montón</suggestion>
                 <example correction='mucho|un montón'>Ella habla <marker>hasta por los codos</marker>.</example>
                 <example correction="mucho|un montón">Habla <marker>por los codos</marker>.</example>
                 <example>Ella habla mucho.</example>
            </rule>


           

            <rule id="" name="">
                 <pattern>
                  <token regexp='yes'>Cuesta|cuestan|costará|costarán|costó|costaron</token>
                  <token>un</token>
                  <token>riñón</token>
                 </pattern>
                 <message>Se debe evitar el uso de enunciados con sentido figurado. (frases hechas o refranes, ironías, metáforas o semejantes).</message>
                 <suggestion>cuesta mucho dinero</suggestion>
                 <suggestion>es muy caro</suggestion>
                 <example correction='cuesta mucho dinero|es muy caro'><marker>Cuesta un riñón</marker>.</example>
                 <example>Es muy caro.</example>
            </rule>

            <rule>
                 <pattern>
                  <token regexp='yes'>el|los</token>
                  <token regexp='yes'>ánimo|ánimos</token>
                  <token>por</token>
                  <token regexp='yes'>los|el</token>
                  <token regexp='yes'>suelos|suelo</token>
                 </pattern>
                 <message>Se debe evitar el uso de enunciados con sentido figurado. (frases hechas o refranes, ironías, metáforas o semejantes).</message>
                 <example correction=''>Tiene <marker>el ánimo por el suelo</marker>.</example>
                 <example>Está triste.</example>
                 <example correction=''>Tiene <marker>los ánimos por los suelos</marker>.</example>
            </rule>

            <rule>
                 <pattern>
                  <token regexp='yes'>tirar|tiré|tiraste|tiró|tiraron|tiramos|tirasteis|tiraré|tirarás|tirará|tiraremos|tirarán|tiraréis</token>
                  <token>la</token>
                  <token>toalla</token>
                 </pattern>
                 <message>Se debe evitar el uso de enunciados con sentido figurado. (frases hechas o refranes, ironías, metáforas o semejantes).</message>
                 <example correction=''>Decidió <marker>tirar la toalla</marker>.</example>
                 <example>Se rindió.</example>
            </rule>

        
            <rule>
             <pattern>
              <token regexp='yes'>Soy|ser|eres|son|somos|es|sois|era|eras|era|erais|éramos|eran|seré|serás|será|seremos|serán|seréis</token>
              <token regexp='yes'>todo|toda</token>
              <token>oídos</token>
             </pattern>
             <message>Se debe evitar el uso de enunciados con sentido figurado. (frases hechas o refranes, ironías, metáforas o semejantes).</message>
             <example correction=''><marker>Soy todo oídos</marker>.</example>
             <example>Te escucho.</example>
            </rule>


            <rule>
                <pattern>
                    <token>Muerto</token>
                    <token>de</token>
                    <token regexp='yes'>sueño|cansancio</token>
                </pattern>
                <message>Se debe evitar el uso de enunciados con sentido figurado. (frases hechas o refranes, ironías, metáforas o semejantes).</message>
                <example correction=''><marker>Muerto de sueño</marker>.</example>
                <example>Muy cansado.</example>
            </rule>
        </rulegroup>


        <rule id="VERBOS NOMINALES" name="Lectura Fácil: 16.verbos nominales">
         <pattern>
          <token postag='DA0MS0'></token>
          <token postag='VMN0000'></token>
         </pattern>
         <message>Se debería evitar el uso nominal de los verbos cuando el resultado sea una expresión abstracta o metafórica.</message>
         <example correction=''><marker>El frotar</marker> se va a acabar.</example>
         <example>Ya no es necesario frotar.</example>
        </rule>

        <rule id="PALABRAS INDETERMINADAS" name="Lectura Fácil: 18.palabras indetermiandas">
            <pattern>
            <token regexp='yes'>asunto|cosa|algo</token>
            </pattern>
            <message>Se debería evitar el uso de palabras de contenido indeterminado como "cosa", "algo" o "asunto"</message>
            <example correction='problema'>Era un <marker>asunto</marker> complicado</example>
            <example>Era un problema complicado.</example>
        </rule>


        <rule id="NÚMEROS ORDINALES" name="Lectura Fácil: 21.números ordinales">
            <pattern>
                <token postag='AO0FS0|AO0MS0' postag_regexp='yes'><exception regexp='yes'>último|última|primer|primero|primera|últimos|últimas|primeros|primeras</exception></token>
            </pattern>
            <message>Se debe evitar el uso de números ordinales y sustituirlos por números cardinales.</message>
            <example correction=''>Juan vive en la planta <marker>decimoctava</marker>.</example>
            <example>Juan vive en la planta número 18.</example>
        </rule>


        <rulegroup id="FRACCIONES Y PORCENTAJES" name="Lectura Fácil: 22.fracciones y porcentajes">
            <rule> 
                <pattern>
                    <token>50%</token>
                </pattern>
                <message>Se debe evitar el uso de fracciones y porcentajes. Si es necesario incluirlas se debería describir su equivalente o explicación.</message>
                <example correction=''>El <marker>50%</marker>.</example>
                <example>La mitad.</example>
            </rule>

            <rule>
                <pattern>
                    <token regexp='yes'>un|una</token>
                    <token regexp='yes'>tercio|cuarto|quinto|sexto|séptimo|octavo|noveno|décimo|onceavo|doceavo|treceavo|catorceavo|quinceavo|dieciseisavo|veinteavo|treintavo|cuarentavo|cincuentavo|sesentavo|setentavo|ochentavo|noventavo|centésimo|milésimo|tercia|cuarta|quinta|sexta|séptima|octava|novena|décima|onceava|doceava|treceava|catorceava|quinceava|dieciseisava|veinteava|treintava|cuarentava|cincuentava|sesentava|setentava|ochentava|noventava|centésima|milésima</token>
                </pattern>
                <message>Se debe evitar el uso de fracciones y porcentajes. Si es necesario incluirlas se debería describir su equivalente o explicación.</message>
                <example correction=''><marker>Un tercio</marker></example>
                <example>Una de cada tres.</example>
            </rule>
        </rulegroup>

        <rulegroup id="FECHAS" name="Lectura Fácil: 23.fechas" default="on">
            <rule> 
                <pattern>
                    <token regexp='yes'>(0|1|2|3)?\p{N}</token>
                    <token regexp='yes'>/|-</token>
                    <token regexp='yes'>(0|1)?\p{N}</token>
                    <token regexp='yes'>/|-</token>
                    <token regexp='yes'>(19|20)?\p{N}{2}</token>
                </pattern>
                <message>Se debe evitar escribir las fechas con guiones y barras. Se debería escribir la fecha completa y el nombre del día cuando aporte información adicional para la comprensión del texto.</message>
                <suggestion><match no="2" postag_regexp="yes" >de  marzo de</match></suggestion>
                <example correction='de marzo de'>16<marker>/03/</marker>2023</example>
                <example>16 de Marzo de 2023</example>
            </rule>

            

            <rule>
                <pattern>
                  <token regexp='yes'>(19|20)?\p{N}{2}</token>
                  <token>/</token>
                  <token regexp='yes'>(0|1)?\p{N}</token>
                  <token>/</token>
                  <token regexp='yes'>(0|1|2|3)?\p{N}</token>
                </pattern>
                <message></message>
                <example correction=''><marker>2023/03/16</marker></example>
                <example>16 de Marzo de 2023</example>
            </rule>


            <rule>
                <pattern>
                    <token regexp='yes'>(0|1|2|3)?\p{N}</token>
                    <token>-</token>
                    <token regexp='yes'>(0|1)?\p{N}</token>
                    <token>-</token>
                    <token regexp='yes'>(19|20)?\p{N}{2}</token>
                </pattern>
                 <message></message>
                 <example correction=''>16<marker>-03-</marker>2023</example>
                 <example>16 de Marzo de 2023</example>
            </rule>

            <rule>
                <pattern>
                  <token regexp='yes'>(19|20)?\p{N}{2}</token>
                  <token>-</token>
                  <token regexp='yes'>(0|1)?\p{N}</token>
                  <token>-</token>
                  <token regexp='yes'>(0|1|2|3)?\p{N}</token>
                 </pattern>
                 <message></message>
                 <example correction=''><marker>2023-03-16</marker></example>
                 <example>16 de Marzo de 2023</example>
            </rule>
        </rulegroup>


        <rule id="HORAS" name="Lectura Fácil: 24.horas">
            <pattern>
              <token regexp='yes'>(0|1|2)?\p{N}</token>
              <token>:</token>
              <token regexp='yes'>(0|1|2)?\p{N}</token>
            </pattern>
            <message>Se debería evitar escribir la hora en formato 24 horas.</message>
            <example correction=''><marker>23:00</marker></example>
            <example>Las 11 de la noche.</example>
        </rule>

        <rule id="NÚMEROS ROMANOS" name="Lectura Fácil: 25.números romanos">
            <pattern>
                <token regexp='yes'>(M{0,4}(CM|CD|D?C{0,3})(XC|XL|L?X{0,3})(IX|IV|V?I{0,3}))|(m{0,4}(cm|cd|d?c{0,3})(xc|xl|l?x{0,3})(ix|iv|v?i{0,3}))</token>
            </pattern>
             <message>Se debería evitar el uso de números romanos. En caso de siglos, reyes y papas, se recomienda poner el número romano e indicar cómo se lee.</message>
            <example correction=''>Siglo <marker>XX</marker>.</example>
            <example>Siglo veinte.</example>
            <example>Siglo 20.</example>
        </rule>



    <!-- 6.3. Pautas y recomendaciones relacionadas con frases y oraciones. 
-->


        <rule id="PASIVA" name="Lectura Fácil: 4.5.pasiva" default="on">
            <pattern>
                <token postag='DA0MS0|DA0FS0|DA0MP0|DA0FP0' postag_regexp='yes'></token>
                <token postag='NCCS000|NCCP000|NCFP000|NCMP000' postag_regexp='yes'></token>
                <token postag='VMIS3S0|VMIS3P0|VMIS3I0|VMIS3F0|VMIS3C0|VSIP3S0|VSIP3P0|VSIF3P0' postag_regexp='yes'></token>
                <token postag='VMP00SM|VMP00SF|VMP00PM|VMP00PF' postag_regexp='yes'></token>
            </pattern>
            <message>No utilices la voz pasiva. Utiliza la voz activa.</message>
            <example correction='Alguien despidió al gerente.'><marker>El gerente fue despedido</marker>.</example>
            <example>Alguien despidió al gerente.</example>
            <example correction=''><marker>El gerente es despedido</marker>.</example>
            <example correction=''><marker>La gerente es despedida</marker>.</example>
            <example correction=''><marker>Los clientes son atendidos</marker>.</example>
            <example correction=''><marker>Las azafatas serán llamadas</marker>.</example>
            <example>Alguien atenderá a los clientes.</example>
            <example>Alguien llamará a las azafatas.</example>
        </rule>



       



         <rule id="GERUNDIO" name="Lectura Fácil: 8.gerundio">
            <pattern>
                <token postag='VAII.*' postag_regexp='yes'/>
                <token postag='VMG.*' postag_regexp="yes"/>
            </pattern>
            <filter class="org.languagetool.rules.es.AdvancedSynthesizerFilter" args="lemmaFrom:2 lemmaSelect:V(M)G.* postagFrom:1 postagSelect:VA(II)(.*) postagReplace:V\a1\b1\b2"/>
            <message>Se debería evitar en lo posible el uso de oraciones con gerundio.</message>
            <suggestion>{suggestion}</suggestion>
            <example correction='cantaba'>Jose <marker>estaba cantando</marker> cuando sonó el timbre.</example>
            <example>Jose cantaba cuando sonó el timbre.</example>
        </rule>



        <rule id="VERBOS SEGUIDOS" name="Lectura Fácil: 9.verbos seguidos">
            <pattern>
                <token postag='VMN0000'></token>
                <token postag='VMG0000'></token>
            </pattern>
            <message>Se debe evitar el uso de dos o más verbos seguidos (exceptuando las perífrasis con los verbos modales "deber", "querer", "saber" y "poder").</message>
            <example correction=''>Ella quiere <marker>seguir viajando</marker>.</example>
            <example>Ella quiere viajar más.</example>
        </rule> 

        <rulegroup id="CONECTORES COMPLEJOS" name="Lectura Fácil: 16.conectores complejos">
            <rule>
                <pattern>
                    <token postag='LOC_ADV'></token>
                    <token postag='LOC_ADV'></token>
                    <token postag='LOC_ADV'></token>
                </pattern>
                <message>Se debería evitar el uso de conectores complejos entre oraciones.</message>
                <example correction=''><marker>Por lo tanto</marker>, se quedó callado.</example>
                <example>Así que se quedó callado.</example>
            </rule>

            <rule>
                <pattern>
                    <token postag='LOC_ADV'></token>
                    <token postag='LOC_ADV'></token>
                </pattern>
                <message>Se debería evitar el uso de conectores complejos entre oraciones.</message>
                <example correction=''><marker>Sin embargo</marker>, se quedó callado.</example>
                <example>Pero se quedó callado.</example>
            </rule>
        </rulegroup>

       


    <!-- 6.4. Pautas y recomendaciones relacionadas con la organización del texto y el estilo. 
-->

        <rule id="DIRIGIRSE AL LECTOR" name="Lectura Fácil: 8.dirigirse al lector">
            <pattern>
                <token postag='VMN0000'></token>
                <token postag='DA0MS0|DA0FP0|DA0FS0|DA0MP0' postag_regexp='yes'></token>
                <token postag='NCMS000|NCMP000|NCFS000|NCFP000' postag_regexp='yes'></token>
            </pattern>
            <message>El texto debería dirigirse directamente al lector siempre que sea posible y requiera o explicite una actuación del mismo.</message>
            <example correction=''><marker>Meter el pollo</marker> en el horno a 180 grados.</example>
            <example>Mete el pollo en el horno a 180 grados.</example>
        </rule>


    <!-- Algunas normas extra que ayudan a la mejora de la comprensión lectora. 
-->




        <rule id="ADVERBIO DE POSICIÓN" name="adverbio de posición + posesivo">
            <pattern>
                <token regexp="yes">detrás|delante|debajo|encima|cerca</token>
                <token regexp="yes">tuyo|tuya</token>
            </pattern>
            <message>Es preferible usar otra expresión.</message>
            <suggestion>\1 de <match no="2" postag="PX(\d).S0S0" postag_regexp="yes" postag_replace="PP$1CSO00">ti</match></suggestion>
            <example correction="detrás de ti">Venían <marker>detrás tuyo</marker>.</example>
            <example>Tienes a los niños encima de ti.</example>
        </rule>

    </category>
</rules>
